Day,Word,Mean
1,provide,"제공하다, 공급하다, 준비하다"
1,develop,"개발하다, 발달하다, 발전시키다"
1,service,"서비스, 근무, 봉사, 공공 업무"
1,inform,"알리다, 통지하다"
1,relationship,관계
1,improve,"향상시키다, 나아지다, 향상하다"
1,individual,"개인의, 개인적인, 개인"
1,require,"요구하다, 필요로 하다"
1,advise,"충고하다, 조언하다"
1,social,"사회의, 사교적인"
1,amount,"총액, 총계, 양, 총계가 ~이 되다"
1,behave,행동하다
1,employ,"고용하다, 쓰다"
1,attitude,"태도, 입장"
1,research,"연구하다, 조사하다, 연구, 조사"
1,audience,"청중, 관객"
1,volunteer,"지원자, 자원봉사, 자원봉사자, 지원하다, 자원봉사하다"
1,influence,"영향, 영향을 미치는 것, , 영향을 미치다"
1,terrible,"끔직한, 형편없는, 무서운"
1,opportunity,기회
1,ability,"능력, 재능"
1,expense,"비용, 지출"
1,local,"지역의, 장소의, 지방의"
1,involve,"관련시키다, 포함하다, 관련되다"
1,stress,"스트레스, 긴장, 강조, 강조하다, 압력을 주다"
1,therefore,"그러므로, 그 결과"
1,positive,"긍정적인, 낙관적인, 확신하는"
1,average,"평균의, 보통의, 평균, 보통 수준, 평균 ~이다"
1,ride,"타다, 타기, 태우기, 타고가기"
1,encourage,"격려하다, 권장하다, 부추기다, 촉구하다"
1,determine,"결정하다, 결심하다"
1,international,"국제의, 국제적인"
1,consume,"소비하다, 먹다,"
1,impress,"감동시키다, 깊은 인상을 주다"
1,object,"물건, 물체, 목표, 반대하다"
1,available,"이용할 수 있는, 쓸모있는, 시간이 있는"
1,contain,"들어있다, 포함하다, 함유하다, 억제하다"
1,recognize,"인지하다 , 인정하다, 알아보다"
1,material,"재료, 소재, 물질, 물질의"
1,comfort,"편안, 평안함, 위안, 위로, 편안하게 하다, 위로하다"
2,emotion,감정
2,amaze,놀라게 하다
2,reduce,"줄이다, 낮추다"
2,discover,"발견하다, 알아내다"
2,decide,"결정하다, 결심하다"
2,benefit,"이익, 혜택, 도움이 되다"
2,affect,영향을 미치다
2,level,"수준, 정도, 수평, 수평의"
2,chemistry,화학
2,immediate,"즉각적인, 시급한, 직접적인"
2,thus,"그러므로, 따라서"
2,proper,"적절한, 알맞은"
2,performance,"공연, 성과"
2,essence,"본질, 정수"
2,economic,"경제의, 경제학의"
2,cell,세포
2,focus,"집중하다, 초점"
2,issue,"논란거리, 쟁점, 문제"
2,participate,"참여하다, 참가하다(in)"
2,demand,"요구, 수요, 요구하다"
2,occur,"발생하다, 일어나다, (생각이) 떠오르다"
2,complex,"복잡한, 복잡체, 복합 건물"
2,define,"정의하다, 한계 짓다, 한정하다, 규정하다"
2,proud,자랑스러워하는
2,aware,"인지하는, 인식하고 있는, 알고 있는"
2,contact,"연락하다, 접촉, 연락"
2,profession,"직업, 직종, 전문직"
2,detail,"세부, 세부사항, 상술하다"
2,approach,"접근하다, 접근"
2,career,"직업, 경력"
2,package,"꾸러미, 포장, 포장된 짐, 포장하다"
2,disappear,사라지다
2,novel,소설
2,secure,"안전한, 안정된, 안전하게 하다"
2,fashion,"유행, 패션, 방식, 만들어 내다"
2,despite,~에도 불구하고
2,background,"(그림, 사람, 사건)배경, 배경 지식"
2,solution,"해결, 해결책"
2,generate,"일으키다, 발생시키다"
2,eventually,결국
3,decrease,"줄다, , 줄이다, 감소"
3,recycle,재활용하다
3,desire,"욕구, 욕망, 바라다"
3,balance,"균형, 은행 잔고, 균형을 이루다"
3,negative,부정적인
3,follow,"따라가다,  (규칙을) 따르다"
3,account,"은행 계좌, 이야기, 설명, 설명하다"
3,publish,"발표하다, 출판하다"
3,occasion,"경우, 특별한 일"
3,replace,대체하다
3,constant,"일정한, 불변의, (수학에서의) 상수"
3,expert,전문가
3,term,"용어, 기간, 학기"
3,relieve,"경감하다, 안도시키다"
3,describe,"묘사하다, 표현하다"
3,biology,생물학
3,due,"만기의, ~하기로 되어 있는"
3,equipment,"장치, 장비"
3,congratulate,축하하다
3,birth,탄생
3,compose,"구성하다, 작곡하다, 작문하다"
3,genius,"천재, 천재성"
3,reflect,"반영하다, 반사하다, 숙고하다"
3,cause,"~의 원인이 되다, 야기하다, 원인"
3,frequent,"빈번한, (장소,모임에) 자주 가다"
3,factor,"요인, 요소"
3,extreme,"극단의, 극단"
3,tend,"~하는 경향이 있다, 돌보다"
3,politics,"정치, 정치학"
3,insist,주장하다
3,extend,"연장하다, 넓히다"
3,lonely,외로운
3,habitat,"서식지, 주거지"
3,mental,정신의
3,steady,"안정된, 한결같은, 꾸준한"
3,exchange,교환하다
3,active,"활동적인, 적극적인"
3,species,(생물분류상의) 종
3,athletic,"운동의, 운동경기의"
3,dental,치아의
4,delight,"기쁨, 기쁘게 하다"
4,confident,자신 있는
4,gradually,"점차, 서서히"
4,shadow,"그림자, 그늘지게 하다"
4,access,"접근, 이용, 접근하다"
4,announce,"발표하다, 알리다"
4,allow,"허락하다, 인정하다"
4,firm,"확고한, 단단한, 회사"
4,vary,"바꾸다, 변하다, 다르다"
4,injure,"상처를 입히다, 손상시키다"
4,permit,"허용, 하다"
4,response,"응답, 반응"
4,threat,"위협, 협박"
4,electricity,전기
4,disabled,"장애를 가진, 무능력하게 된"
4,lack,"부족, ~이 부족하다"
4,signify,"의미하다, 중요하다"
4,concentrate,집중하다
4,emphasize,강조하다
4,astronomy,천문학
4,flood,"홍수, 범람시키다"
4,fuel,"연료, 연료를 가하다"
4,manufacture,"제조하다, 제조(업), 제품"
4,movement,"움직임, 운동"
4,capable,"~을 할 수 있는, 유능한"
4,combine,"결합하다, 겸비하다"
4,gene,유전자
4,increase,"(수량이) 증가하다, 증가, 이자"
4,victim,"희생, 피해자"
4,pressure,"압력, 압박, 압력을 가하다"
4,accompany,"동반, 하다, 수반하다"
4,frustrate,좌절시키다
4,construct,건설하다
4,dwindle,"점점 줄어들다, 저하되다"
4,commerce,"상업, 교역"
4,entertain,즐겁게 하다
4,predict,"예언하다, 예측하다"
4,apologize,사과하다
4,sight,"시야, 광경, 시력"
4,quantity,양
5,conclude,"결론짓다, 끝내다"
5,donate,기부하다
5,personality,"개성, 성격, 특색"
5,struggle,"싸우다, 노력하다, 투쟁, 노력"
5,advantage,"유리한 점, 이점"
5,variety,"다양, 다양성"
5,enable,가능하게 하다
5,instruction,"지시, 제품 사용 설명서, 가르침"
5,assume,"추정하다, (태도 등을) 취하다"
5,attempt,"시도하다, 시도"
5,incredible,"믿을 수 없는, (믿기 어려울 만큼) 굉장한"
5,feature,"특징, 특집 기사, 얼굴 생김새, ~을 특징으로 하다, 주연하다"
5,confuse,"혼동하다, 혼란시키다"
5,electronic,전자의
5,absorb,"흡수하다, (사람, 마음을) 열중시키다"
5,indicate,"가리키다, 나타내다"
5,analyze,분석하다
5,stock,"재고품, 저장, 가축, 저장하다, (물품을) 들여놓다"
5,resident,거주자
5,labor,"노동, 산고, 노동하다"
5,remark,"의견, 주목, 의견을 말하다, ~에 주목하다"
5,moral,도덕적인
5,embarrassed,당황한
5,claim,"주장하다, 요구, 주장"
5,reasonable,"논리적인, 분별력 있는"
5,interrupt,"방해하다, 중단하다"
5,discount,"할인, 할인하다"
5,creature,"생물, 피조물"
5,heal,"치료하다, 낫게 하다"
5,establish,"설립하다, 확립하다, 제정하다"
5,revolution,"혁명, 갑작스러운 변화, 회전"
5,criticize,비난하다
5,convince,"확신시키다, 납득시키다"
5,efficient,"효율적인, 유능한"
5,stranger,"낯선 사람, 문외한"
5,tide,"조수, 흐름"
5,obtain,"획득하다, 통용되다, 행해지다"
5,assist,도움을 주다
5,disaster,"재앙, 재난, 재해"
5,terrific,"굉장한, 훌륭한"
6,specific,"구체적인, 특정한"
6,react,"반응하다, 반작용하다"
6,independent,독립적인
6,theory,이론
6,qualify,자격을 얻다
6,consider,"숙고하다, 고려하다"
6,recall,"상기하다, 철회하다, 회수하다; 상기, 철회"
6,risk,위험; 위험을 감수하다
6,treatment,"취급, 대우, 치료(법)"
6,engage,"관여하다, 약속하다, 약혼하다"
6,motivate,동기를 부여하다
6,clue,"실마리, 단서"
6,cancer,"암, 악성 종양"
6,elder,나이가 위인; 연장자
6,depress,"우울하게 하다, 의기소침(낙담)하게 하다"
6,fascinate,"매료시키다, 마음을 빼앗다"
6,violent,"난폭한, 폭력적인"
6,alarm,"놀람, 경보"
6,edge,"가장자리, 날카로움, 우위"
6,deserve,~을 받을 만하다(가치가 있다)
6,route,"길, 통로, 항로"
6,psychology,"심리, 심리학"
6,passion,열정
6,import,"수입하다, 의미하다; 수입"
6,purchase,구매하다; 구매
6,conscience,양심
6,pose,"자세를 취하다, (문제를) 제기하다; 자세"
6,length,길이
6,severe,"심한, 엄격한"
6,decade,"10년, 10년간"
6,occupy,"(시간, 장소를) 차지하다, 전념하다"
6,acquire,습득하다
6,interact,상호 작용하다
6,brief,간단한; 간단한 보고; 간단히 알리다
6,observe,"관찰하다, ~을 보다, 준수하다"
6,poetry,"시, 운문"
6,salary,"급료, 봉급"
6,grain,"곡물, 낟알"
6,meaningful,"의미 있는, 의미심장한"
6,weed,잡초; 잡초를 제거하다
7,survival,생존
7,comment,"논평, 주석, 논평하다"
7,leap,"뛰다, 도약하다, 도약"
7,survey,"둘러보다, 조사하다, 설문 조사"
7,typical,"전형적인, 대표적인"
7,mere,단지 ~에 불과한
7,mechanic,기계공
7,mood,"분위기, 기분"
7,approve,"승인하다, 찬성하다"
7,rural,시골의
7,finance,"재정, 자금, 자금을 조달하다"
7,seek,"찾다, 추구하다"
7,operation,"작업, 운영, 수술"
7,crime,범죄
7,awful,"끔찍한, 지독한"
7,series,"연속, 시리즈물"
7,exhausted,"고갈된, 기진맥진한"
7,absolute,"완전한, 절대적인"
7,surround,둘러싸다
7,display,"전시하다, 나타내다, 전시"
7,policy,"정책, 수단"
7,mass,"덩어리, 집단"
7,committee,위원회
7,accurate,정확한
7,arrange,"정리하다, 준비하다"
7,facility,"시설, 편의"
7,consult,"상담하다, 참고하다"
7,refer,"언급하다, 위탁하다"
7,attach,"붙이다, 첨부하다"
7,recover,"회복하다, 되찾다"
7,reward,"보상, 보답하다"
7,enormous,"엄청난, 거대한"
7,domestic,"국내의, 가정의"
7,wealth,"부, 재산"
7,elementary,"초보의, 기초적인"
7,gap,"격차, 틈"
7,except,"~을 제외하고, 제외하다"
7,journey,여행
7,plain,"평범한, 명백한"
7,downtown,"도심, 도심의, 도심지에서"
8,previous,"이전의, 앞의"
8,produce,"생산하다, 제조하다"
8,remain,"여전히 ~이다, 남다"
8,break,"깨다, 고장내다"
8,slight,"약간의, 경미한"
8,include,포함하다
8,delay,"연기하다, 미루다, 지연"
8,file,"서류철, 파일에 철하다, 제기하다"
8,ethic,윤리
8,instant,"즉각의, 즉석의, 순간"
8,reveal,"폭로하다, 드러내다"
8,breed,"낳다, 양육하다"
8,leisure,"여가, 한가한"
8,urban,도시의
8,witness,"목격자, 목격하다"
8,admit,"인정하다, 입학을 허가하다"
8,muscle,"근육, 힘"
8,device,"장치, 고안, 방책"
8,suppose,"추측하다, 가정하다"
8,owe,빚지고 있다
8,intend,"~할 작정이다, 의도하다"
8,aspect,"면, 관점"
8,potential,"잠재적인, 잠재력"
8,award,"상, (상 등을) 수여하다"
8,preserve,"보존하다, 보호하다"
8,spot,"장소, 점, 발견하다"
8,underground,"지하의, 비밀의, 지하"
8,consequence,"결과, 중요성"
8,target,"목표, 목표로 삼다"
8,unless,만약 ~이 아니면
8,accomplish,"이루다, 성취하다"
8,adopt,"입양하다, 채택하다"
8,unique,"독특한, 유일한"
8,slip,"미끄러지다, 실수하다, 종이 조각"
8,civilization,문명
8,row,"열, 줄, 배를 젓다"
8,horizon,지평선
8,atmosphere,"대기, 분위기"
8,label,"꼬리표, 상표, 라벨을 붙이다"
8,decorate,"장식하다, ~에게 훈장을 주다"
9,identify,"~임을 확인하다, 식별하다, 동일시하다"
9,standard,"표준, 기준, 기준의, 표준의"
9,scale,"규모, 저울, 비늘"
9,evident,명백한
9,seldom,거의 ~않는
9,secretary,"비서, 장관"
9,basis,"원리, 기초"
9,automatic,"자동적인, 기계적인"
9,region,지역
9,rise,"일어나다, 오르다, 상승"
9,addict,"중독시키다, 중독자"
9,disappoint,실망시키다
9,artificial,"인공적인, 인조의"
9,possess,"소유하다, ~의 마음을 사로잡다"
9,substance,"물질, 본질, 실체"
9,realistic,"현실적인, 현실주의의"
9,encounter,"(우연히) 만나다, 마주침"
9,differ,"다르다, 의견을 달리하다"
9,principle,"원칙, 원리"
9,memorize,기억하다
9,physics,물리학
9,evaluate,평가하다
9,tremendous,"굉장한, 무시무시한"
9,application,"적용, 신청"
9,vote,"투표, 투표하다"
9,spread,"퍼짐, 확산, 펼치다, 퍼지다"
9,impact,"충격, 영향, 충격을 주다"
9,cooperate,협력하다
9,emit,"(빛, 열, 소리 등을)방출하다"
9,request,"요청, 요청하다"
9,guarantee,"보장하다, 보증"
9,resist,저항하다
9,fulfill,"달성하다, 이행하다"
9,stink,"역겹다, 악취를 풍기다"
9,grant,"수여하다, 승인하다"
9,rely,"의지하다, 믿다"
9,permanent,"영원한, 영구적인"
9,emergency,비상 사태
9,rid,제거하다
9,theme,"주제, 화제"
10,hesitate,"주저하다, 망설이다"
10,location,"위치, 장소"
10,restrict,"제한하다, 한정하다"
10,organism,"유기체, 생물"
10,resolve,"해결하다, 결심하다"
10,offer,"제공하다, 제안하다"
10,distribute,"분배하다, 분포시키다"
10,rainforest,열대우림
10,circumstance,"상황, 환경"
10,interpret,"해석하다, 통역하다"
10,suitable,"적절한, 적합한"
10,curve,"곡선, 속임수"
10,annoy,"괴롭히다, 귀찮게 하다"
10,frighten,겁먹게 하다
10,estimate,"평가하다, 견적, 평가"
10,refuse,거절하다
10,adventure,"모험, 위험에 빠뜨리다"
10,entrance,"입구, 입장"
10,persuade,설득하다
10,perceive,"인지하다, 인식하다"
10,recite,암송하다
10,gather,모으다
10,cabin,"객실, 선실, 오두막집"
10,gear,"장비,  기어, 맞게 조정하다"
10,ray,광선
10,release,"놓아주다, 방출하다, 석방, 발표"
10,rank,"지위, 계급, 매기다, (등급을)차지하다"
10,symphony,교향곡
10,envy,"부러워하다, 부러움"
10,corporate,"회사의, 법인의"
10,alternative,"대안, 대안의"
10,retire,은퇴하다
10,appeal,"호소하다, 관심을 끌다, 호소, 항의"
10,identical,"동일한, 일란성의"
10,investment,투자
10,autograph,"서명, 서명하다"
10,slave,노예
10,harm,"손해, 손상, 해치다"
10,authority,"권위, 당국"
10,innocence,"결백, 무죄, 순진"
11,infant,"유아, 유치원생"
11,calculate,계산하다
11,charity,자선 단체
11,receive,받다
11,whereas,"그런데, ~에 반해서"
11,board,"판자, 게시판, 타다"
11,ignorant,"무지한, 무식한"
11,depend,"의존하다, ~에 달려 있다"
11,pure,"순수한, 깨끗한"
11,extinct,"멸종된, 사라진"
11,household,"가정, 가정의"
11,chapter,"(책의) 장, 시기, 사제단"
11,refund,"환불하다, 환불금"
11,institute,"기관, 협회"
11,lately,최근에
11,accept,받아들이다
11,ashamed,부끄러워하는
11,dense,"밀집한, (앞이 안 보이게) 짙은"
11,rescue,"구출하다, 구출"
11,continue,계속하다
11,destination,목적지
11,expand,"확장되다, 확장시키다"
11,evolution,"진화, 발전"
11,hire,고용하다
11,isolate,"고립시키다, 격리시키다"
11,gravity,중력
11,genuine,"진짜의, 진실된"
11,statue,조각상
11,compete,경쟁하다
11,military,"군의, 군사의, 군, 군대"
11,logic,"논리, 논리학"
11,commit,"(죄 등을) 저지르다, 약속하다, 헌신하다"
11,sensible,"합리적인, 현명한"
11,sum,"금액, 합계"
11,conserve,"보존하다, 보호하다"
11,swing,"흔들다, 휘두르다"
11,marriage,"결혼, 결혼 생활"
11,reproduce,"번식하다, 재생하다, 복제하다"
11,tone,"음조, 어조, 억양 , 조화하다, 탄력있게 만들다"
11,concept,개념
12,invitation,초대
12,precise,"정확한, 정밀한"
12,formal,"공식적인, 격식을 차린"
12,particle,"작은 조각, 입자"
12,cancel,취소하다
12,return,"돌아가다, 돌려주다, 돌아감, 귀향"
12,departure,"출발, 떠남, 일탈"
12,apparent,명백한
12,visual,"눈에 보이는, 시각의"
12,agriculture,농업
12,rite,"의식, 의례"
12,poverty,가난
12,sculpture,조각상
12,descend,"내려가다, 내려오다"
12,leak,"새다, 새는 구멍"
12,portion,"부분, 1인분"
12,companion,"친구, 동료"
12,diligent,근면한
12,distinct,"뚜렷한, 다른"
12,component,"구성 요소, 구성하는"
12,current,"현재의, 지금의"
12,universal,"보편적인, 전 세계의"
12,trap,"덫, 가두다"
12,eager,갈망하는
12,legal,"법률의, 합법적인"
12,demonstrate,"입증하다, 시위하다, 설명하다"
12,democracy,민주주의
12,mature,"성숙한, 성숙하다"
12,brilliant,"빛나는, 훌륭한"
12,annual,"연간의, 해마다의"
12,faith,"믿음, 신념"
12,spare,"(시간, 돈을) 할애하다, (고생을) 면하게 하다, 여분의"
12,transfer,"이동하다, 옮기다, 환승하다, 이, 환승"
12,refrigerator,냉장고
12,oppose,반대하다
12,desperate,"절망적인, 필사적인"
12,remote,"멀리 떨어진, 원격 조정의"
12,offend,불쾌하게 하다
12,awake,깨어있는
12,aim,"목표로 하다, 겨누다, 목표"
13,option,"선택, 선택권"
13,insight,통찰력
13,achieve,"이루다, 성취하다"
13,civil,"시민의, 민간의"
13,pause,"잠시 멈추다, 중단"
13,prove,입증하다
13,lecture,"강의, 강의를 하다"
13,minor,"사소한, , 미성년자, 부전공하다"
13,duty,"의무, 관세"
13,vigor,활력
13,organize,"조직하다, 구성하다"
13,chief,"우두머리, 우두머리의, 주요한"
13,complicated,복잡한
13,digest,"소화하다, 요약"
13,shortage,"부족, 결함"
13,laboratory,"실험실, 실험의"
13,arrive,도착하다
13,generous,"관대한, 넉넉한"
13,laundry,세탁물
13,transform,"변형시키다, 변환하다"
13,discipline,"규율, 훈련, 훈육하다, 징계하다"
13,forbid,금지하다
13,ultimate,"궁극적인, 최후의"
13,thrive,"번영하다, 발전하다"
13,conversation,"대화, 회담"
13,bet,"돈을 걸다, 내기를 하다, 내기"
13,royal,"왕족의, 왕의"
13,ruin,"망치다, 파멸시키다, 파멸, 파산"
13,worship,"숭배하다, 예배하다, 숭배, 예배"
13,evil,"사악한, 악"
13,scarce,"부족한, 드문"
13,afterward,"나중에, 그 후에"
13,client,"고객, 의뢰인"
13,insure,"보험을 계약하다, 안전하게 하다"
13,fancy,"공상, 화려한, 공상하다"
13,surgery,외과 수술
13,assign,"할당하다, 지정하다"
13,regulate,"규제하다, 조절하다"
13,shelf,선반
13,utility,"공익사업, 유용성"
14,necessity,"필요, 필수, 필수품"
14,yield,"생산하다, 굴복하다, 양도하다, 수확(물)"
14,decline,"감소, 쇠퇴, 감소하다, 쇠퇴하다, 거절하다"
14,coincidence,"우연의 일치, 동시에 일어난 사건"
14,aside,"한쪽으로, 제쳐 두고"
14,contemporary,"현대의, 동시대의"
14,bless,"축복하다, 감사하다"
14,explain,설명하다
14,prior,"이전의, 우선하는"
14,tolerate,"참다, 용인하다"
14,measure,"측정하다, 측정, 수단"
14,abstract,"추상적인, 추상, 개요"
14,cottage,오두막집
14,correct,"올바른, 정확한, 바로잡다, 정정하다"
14,confirm,"확인하다, 입증하다, (결심을) 굳게 하다"
14,imitate,모방하다
14,prey,"먹이, 희생자"
14,defeat,"패배시키다, 패배"
14,illustrate,"설명하다, (분명히) 보여주다, 삽화를 넣다"
14,fuse,"퓨즈, 도화선, 융합하다"
14,pupil,"학생, 눈동자"
14,intellect,지성
14,spice,"향신료, 양념"
14,tempt,유혹하다 (관심을) 끌다
14,inspire,"영감을 주다, 고무시키다, 격려하다"
14,dine,"식사하다, 만찬을 대접하다"
14,literally,문자 그대로
14,appropriate,적절한
14,resort,"휴양지, 의지, 의지하다, 자주 가다"
14,grab,"움켜쥐다, 움켜쥠"
14,propose,"제안하다, 청혼하다"
14,wreck,"난파선, 사고, 난파시키다"
14,document,"문서, 서류, 기록하다"
14,suspect,"의심하다, 용의자"
14,alien,"외국의, 이질적인, 외국인, 외계인"
14,prohibit,금지하다
14,install,설치하다
14,triumph,"승리, 승리하다"
14,scholarship,"장학금, 학문"
14,execute,"실행하다, 처형하다"
15,ensure,"반드시 ~하게 하다, 보장하다, 확실하게 하다"
15,receipt,영수증
15,defect,"결점, 결함, (국가•당 등을) 버리다"
15,trait,"특징, 특성"
15,modest,"겸손한, 미천한, 알맞은"
15,virtual,"실제의, 가상의, 사실상의"
15,compare,"비교하다, 비유하다"
15,address,"주소, 연설, 인사말, 연설하다, 접근하다"
15,inner,"안쪽의, 내적인, 내부의"
15,contrary,"반대의, 불리한, 정반대, 반대의 것"
15,split,"나뉘다, 분열되다, 찢다, 쪼개다, 틈, 분열"
15,supervise,"감독하다, 관리하다, 통제하다"
15,inhabit,"~에 살다, 거주하다"
15,appear,"나타나다, ~인 것 같다"
15,commute,"통근하다, 통근(거리)"
15,earthquake,"지진, (사회•정치적) 대변동"
15,enroll,"등록하다, 입학하다"
15,debate,"논쟁하다, 토론하다, 논쟁, 토론"
15,abandon,"버리다, 포기하다"
15,conquer,"정복하다, 이기다, 극복하다"
15,nevertheless,그럼에도 불구하고
15,seal,"봉인하다, 봉인, 도장, 바다표범"
15,greed,"탐욕, 식탐"
15,contract,"계약, 계약서, 계약하다, 수축하다"
15,nutrition,영양
15,retail,"소매, 소매하다, 소매로"
15,prejudice,"편견, 선입관, 편견을 갖게 하다"
15,register,"등록하다, 기재하다, 등록부"
15,agency,"기관, 대행사, 대리점"
15,nurture,"양육하다, 양성하다, 교육하다, 교육, 양육"
15,priest,성직자
15,elegant,"우아한, 고상한"
15,impose,"부과하다, 강요하다"
15,arise,"발생하다, 일어나다, 생겨나다"
15,modify,"수정하다, 변형하다"
15,masterpiece,"대표작, 대작, 명작"
15,harsh,"가혹한, 거친"
15,drought,가뭄
15,criteria,"기준, 표준 (criterion의 복수형)"
15,extraordinary,"비범한, 기이한, 놀라운"
16,dim,"희미한, 어둑한, 어둑하게 하다"
16,general,"일반적인, 전반적인, 장군"
16,scream,"비명을 지르다, 비명"
16,spill,"흘리다, 쏟다"
16,glare,"노려보다, 반짝 반짝 빛나다, 노려봄, 눈부신 빛"
16,swallow,"삼킴, 제비, 삼키다"
16,usual,"늘 하는, 흔히 있는"
16,routine,"틀에 박힌 일, 일상적인, 지루한"
16,eliminate,"제거하다, 삭제하다"
16,deny,"부인하다, 거절하다"
16,sensitive,"민감한, 예민한"
16,tragic,비극적인
16,deprive,"빼앗다, 강탈하다"
16,conscious,"의식하는, 의식이 있는"
16,interfere,간섭하다
16,temporary,임시의
16,council,의회
16,adolescent,"청소년, 청소년의"
16,arctic,북극의
16,capture,"붇잡다, 점유하다"
16,dilute,"묽은, 묽게 하다, 약화시키다"
16,associate,"연상하다, 어울리다, 동료"
16,figure,"숫자, 인물, 이해하다, 계산하다"
16,warehouse,창고
16,crew,"승무원, (특별한 기술의)팀, 승무원으로 일하다"
16,barrier,"장벽, 장애물"
16,pedestrian,"보행자, 보행자의"
16,glance,"흘꿋 보다, 흘끗 봄"
16,errand,심부름
16,irritate,"짜증나게 하다, 자극하다"
16,welfare,"복지, 행복"
16,cruel,"잔인한, 비참한"
16,fold,"주름, 접다"
16,trial,"재판, 시험"
16,tribe,부족
16,profound,"깊은, 심오한"
16,tradition,전통
16,distinguish,구별하다
16,statement,"진술, 성명, 진술서"
16,prevail,"만연하다, 우세하다"
17,widespread,널리 퍼진
17,result,결과
17,fade,"사라지다, (색깔이) 바래다"
17,progress,"진전, 진보, 진보하다"
17,weapon,무기
17,drastic,"과감한, 격렬한"
17,reinforcement,"병력 증강, 강화"
17,wonder,"궁금해하다, 놀라다, 놀라움"
17,pile,"더미, 쌓다"
17,protect,보호하다
17,infection,감염
17,stiffen,굳어지다
17,endanger,위험에 빠뜨리다
17,adjust,"조절하다, 적응하다"
17,peer,"동료, 또래, 자세히 들여다보다"
17,renew,"새롭게 하다, 연장하다"
17,germ,"세균, 싹, 근원"
17,atom,원자
17,realize,"깨닫다, 실현하다"
17,enrich,부유하게 하다
17,noble,"고결한, 귀족의"
17,repair,"수리하다, 수리"
17,candidate,후보자
17,ideal,"이상적인, 이상"
17,crop,농작물
17,ethnic,민족의
17,foretell,예언하다
17,wholesale,"도매의, 대량의"
17,debt,부채
17,representative,대표자
17,shift,"바꾸다, 변화"
17,strict,"엄격한, 엄밀한"
17,appliance,가전제품
17,furthermore,"더욱이, 게다가"
17,excess,"초과, 과다"
17,command,"명령하다, 지휘하다, 명령, 지휘"
17,ecosystem,생태계
17,fame,명성
17,oral,"입의, 구술시험"
17,drift,"표류, 일반적인 경향, 떠돌다, 방황하다"
18,outstanding,"뛰어난, 눈에 띄는"
18,mislead,잘못 판단하게 하다
18,dedicate,"(시간, 노력을) 바치다"
18,avoid,"피하다, 방지하다"
18,initial,"초기의, 처음의, 머리글자 (이니셜)"
18,sink,가라앉다
18,beard,턱수염
18,haste,서두름
18,crush,"으스러뜨리다, 빻다"
18,confront,"맞서다, 직면하다"
18,destiny,운명
18,hardship,"고난, 고통"
18,escape,"탈출하다, 벗어나다, 탈출, 도피"
18,valid,"타당한, 유효한"
18,entire,"전체의, 완전한, 전부, 전체"
18,dispose,"배치하다, 처리하다"
18,optimal,최적의
18,hydrogen,수소
18,thread,"실, 실을 꿰다"
18,dynasty,왕조
18,scatter,"뿌리다, 흩어지다"
18,gamble,"돈을 걸다, 도박을 하다, 도박"
18,temper,"성질, 기분"
18,exist,"존재하다, 살아가다"
18,undoubtedly,"의심할 여지없이, 확실히"
18,raft,"뗏목, 비닐보트"
18,minimal,"최소의, 아주 적은"
18,soak,흠뻑 적시다
18,craft,"공예, 기술, 공들여 만들다"
18,combat,"전투, 싸우다"
18,cease,중단하다
18,ceiling,"천장, 최고 한도"
18,unify,"통합하다, 통일하다"
18,perspective,"견해, 관점"
18,doom,"나쁜 운명, 운명 짓다"
18,bump,부딫치다
18,primary,"주된, 초기의"
18,genre,"형식, 장르"
18,erase,지우다
18,review,"복습하다, 재검토하다, 복습, 검토, 비평"
19,vital,"필수적인, 중요한, 생명 유지와 관련된"
19,incident,"사건, 일어난 일, 일어나기 쉬운"
19,session,"시간, 회의, 기간, 학기"
19,obvious,"분명한, 명백한"
19,moderate,"온건한, 적당한"
19,budget,"예산, 예산안"
19,graze,"풀을 뜯다, 방목하다"
19,fragile,부서지기 쉬운
19,myth,"신화, 사회적 통념"
19,fur,"부드러운 털, 모피"
19,indifferent,무관심한
19,strain,"긴장, 압박, 잡아당기다, 긴장시키다, 혹사하다"
19,ingredient,"재료, 성분"
19,dismiss,"묵살하다, 해고하다, 해산시키다"
19,geometry,기하학
19,glacier,빙하
19,urge,"촉구하다, 강요하다"
19,celebrity,"유명 인사, 명성"
19,antique,"고대의, 옛날의, 고풍의, 골동품"
19,profit,"이익, 이윤, 이익을 얻다"
19,sphere,"구, 구체"
19,inherit,"상속받다, 물려받다"
19,disgrace,"불명예, 수치"
19,crawl,"기어가다, 서행하다, 기어가기, 서행"
19,scratch,"긁다, 할퀴다, 긁힌 자국, 찰과상"
19,diabetes,당뇨병
19,congestion,"혼잡, 밀집"
19,constitute,"구성하다, 설립하다, 제정하다"
19,flow,"흐름, 흐르다"
19,investigate,"조사하다, 수사하다"
19,barter,"물물 교환, 교역품, 물물 교환하다"
19,circular,"원의, 순환의"
19,chilly,"쌀쌀한, 냉담한"
19,ancestor,"조상, 선조"
19,fierce,"사나운, 맹렬한"
19,vague,"희미한, 막연한, 모호한"
19,rough,"거친, 난폭한, 대강의"
19,content,"내용, 목차, 만족하는"
19,obstacle,"장애물, 방해가 되는 것"
19,editorial,"편집자의, 사설, 논설"
20,abolish,폐지하다
20,assure,"확실하게 하다, 보증하다"
20,form,"형태, 종류, 형성하다"
20,gender,"성, 성별"
20,innovation,혁신
20,opponent,"상대, 반대자, 반대하는"
20,present,"현재의, 현재, 선물, 제출하다 나타내다"
20,fertile,"비옥한, 기름진"
20,emperor,황제
20,dwell,"거주하다, 살다"
20,chore,"허드렛일, 집안일"
20,rehearsal,"리허설, 예행연습"
20,fossil,화석
20,glitter,동사 반짝이다명사 반짝임
20,carve,"새기다, 조각하다"
20,decay,"부패하다, 쇠퇴하다, 부패, 쇠퇴"
20,protein,단백질
20,backward,뒤쪽으로 후방에 거꾸로
20,translate,"번역하다, 옮기다"
20,refresh,"상쾌하게 하다, 새롭게 하다"
20,tissue,(생물) 조직
20,lord,군주
20,substitute,"대체하다, 대리자, 대체물"
20,scan,"정밀 검사하다, 유심히 쳐다보다"
20,pottery,"도자기, 도예"
20,layer,"층, 겹"
20,property,"재산, 소유물 , 부동산"
20,justify,정당화하다
20,polish,"닦다, 윤을 내다, (문장 등을)다듬다"
20,flavor,맛동사 맛을 내다
20,imprint,"찍다 감명시키다명사 찍은 자국, 인상"
20,heritage,"유산, 세습 재산"
20,strive,"노력하다, 애쓰다 , 투쟁하다"
20,radiant,"빛나는, 아주 밝은"
20,exclaim,(감탄하며)외치다
20,asset,"자산, 재산"
20,portray,"묘사하다, 설명하다, 초상을 그리다"
20,administer,"관리•운영하다, 집행하다, 주다"
20,wage,급료
20,subscribe,정기 구독하다
21,architecture,"건축학, 건축 양식"
21,territory,"영토, 영역"
21,strategy,"전략, 계획"
21,hence,"그러므로, 향후"
21,panic,"당황한, 공황"
21,wilderness,황무지
21,attract,"끌다, 매혹하다"
21,category,"부류, 종류"
21,murder,"죽이다, 살인"
21,funeral,"장례식, 장례의"
21,humiliation,"창피 줌, 굴욕"
21,ban,"금지하다, 금지"
21,flush,"물로 씻어내리다, (얼굴이) 붉어지다, 물로 씻어냄, 홍조"
21,omit,~을 생략하다
21,outcome,결과
21,despair,"절망, 절망하다"
21,alert,"조심하는, 경고하다, 경계"
21,compact,"아담한, 빽빽한, 계약, 협정"
21,likewise,마찬가지로
21,astonish,깜짝 놀라게 하다
21,optimistic,낙천적인
21,loyal,충성스러운
21,humid,습한
21,pretend,~인 척하다
21,graduate,"졸업하다, 졸업생"
21,delicate,"연약한, 섬세한, 미묘한"
21,inflate,"부풀리다, 과장하다, (가격을) 올리다"
21,adequate,적절한
21,physician,의사
21,joint,"관절, 공동의"
21,via,"~을 경유해서, ~을 매개로 하여"
21,passage,"통로, (책의) 구절"
21,prefer,~을 좋아하다
21,vessel,"선박, 용기"
21,restore,이전상태로 회복시키다
21,passive,"소극적인,수동적인"
21,experience,"경험, 경험하다"
21,marble,대리석
21,classify,분류하다
21,fundamental,"근본적인, 필수의"
22,majesty,"위엄, 장엄, 왕(M-)"
22,intimate,"친밀한, 친숙한"
22,merit,"장점, 가치"
22,launch,"시작하다, 출시하다, 발사, 출시"
22,conference,회의
22,reception,"접수처, 환영연회"
22,shrug,"어깨를 으쓱하다, 어깨를 으쓱하기"
22,vicious,"악랄한, 타락한"
22,cherish,소중히 하다
22,accuse,"고발하다, 비난하다"
22,eternal,영원한
22,shrink,"줄어들다, 피하다"
22,colleague,동료
22,transmit,"보내다, 전염시키다, 전도하다"
22,copper,"구리, 구리의, 구릿빛의"
22,orbit,"궤도, 궤도를 그리며 돌다"
22,overwhelm,"압도하다, 당황하게 하다"
22,discard,"폐기하다, 버리다, 처분하다"
22,famine,"기근, 굶주림, 기아"
22,pill,알약
22,enhance,강화하다
22,immune,"면역의, 면역성이 있는"
22,superior,"뛰어난, 눈에 띄는"
22,string,"끈, 끈을 달다"
22,cope,대처하다
22,raw,"날것의, 가공하지 않은"
22,apply,"지원하다, 적용되다"
22,cattle,소
22,loan,"빌려주다, 대여, 융자금"
22,obedient,"유순한, 순종하는"
22,procedure,"절차, 수술"
22,bond,"유대, 속박, 유대를 맺다"
22,angle,"각도, 각, 비스듬히 움직이다"
22,subtle,"미묘한, 교묘한, 예민한"
22,depict,"묘사하다, 그리다"
22,radical,"근본적인, 급진적인"
22,therapy,치료법
22,caution,"조심, 경고, 경고하다"
22,persist,"고집하다, 지속하다"
22,reverse,"뒤집다, 후진하다, 반대의, 반대, 후진"
23,support,"떠받치, 지지, 지지하다, 후원하다"
23,mammal,포유동물
23,iceberg,빙산
23,monetary,화폐의
23,revise,"개정하다, 수정하다"
23,resent,"분개하다, 화를 내다"
23,superb,매우 뛰어난
23,abrupt,"갑작스런, 퉁명스러운"
23,diverse,다양한
23,internal,"내부의, 체내의"
23,gloom,"우울, 어둠"
23,refine,"개선하다, 정제하다"
23,dynamic,"역동적인, 활발한"
23,nerve,신경
23,prompt,"신속한, 즉각적인, 촉발하다, 자극하다"
23,suspend,"일시 중지하다, 보류하다, 정직(정학)시키다"
23,control,"통제하다, 지배하다, 통제, 지배"
23,distraction,집중을 방해하는 것
23,collapse,"무너지다, (가격이) 폭락하다"
23,monologue,독백
23,martial,"군대의, 전쟁의"
23,deliberate,"고의의, 신중한"
23,trigger,"작동시키다, 촉발시키다, 방아쇠, 계기"
23,plot,"줄거리, 음모, 음모를 꾸미다"
23,rod,"막대, 낚싯대"
23,Atlantic,"대서양, 대서양의"
23,industry,산업
23,weird,"이상한, 괴상한"
23,suggest,"제안하다, 암시하다"
23,partial,"부분적인, 편파적인"
23,priceless,대단히 소중한
23,mutual,"상호 간의, 공동의"
23,fate,운명
23,booth,작은 공간
23,pursue,추구하다
23,prescribe,"처방하다, 규정하다"
23,erupt,(화산이) 폭발하다
23,insult,"모욕하다, 모욕, 모욕적인 말"
23,gaze,"응시하다, 응시"
23,supreme,"최고, 최고의"
24,transaction,"거래, 매매"
24,sufficient,충분한
24,stable,"안정된, 마구간"
24,sympathy,"연민, 동의"
24,by-product,부산물
24,edible,먹을 수 있는
24,federal,"연방의, 연방 정부의"
24,bud,"싹, 봉오리, 친구"
24,trivial,사소한
24,anxiety,"걱정, 불안, 열망"
24,tablet,알약
24,prepare,준비하다
24,trade,"무역하다, 교환하다"
24,liquid,"액체, 액체의, 유동적의"
24,contend,"싸우다, 주장하다"
24,outlook,"전망, 경치, 견해"
24,roam,"배회하다, 돌아다니다"
24,decent,"괜찮은, 예의 바른, 적절한"
24,concern,"걱정, 관심, 걱정하다, 관심을 갖다"
24,behalf,"측, 편, 이익"
24,suffer,"고통 받다, 겪다"
24,distortion,"왜곡, 찌그러뜨림"
24,infinite,무한한
24,anticipate,"예상하다, 기대하다"
24,symbolic,상징적인
24,municipal,지방 자치제의
24,phenomenon,현상
24,devote,"(시간, 노력)쏟다"
24,peasant,소작농
24,tenant,세입자
24,worthwhile,가치있는
24,pavement,포장도로
24,dioxide,(화학)이산화물
24,diminish,"줄이다, 약화시키다"
24,jealous,"질투하는, 시기하는"
24,limp,"기운이 없는, 축 처진"
24,exclude,"제외하다, 차단하다"
24,flexible,"융통성 있는, 잘 구부러지는"
24,nominate,지명하다
24,sacred,"성스러운, 종교적인"
25,context,맥락
25,complete,"완벽한, 완료하다"
25,race,"경주, 인종, 경주하다"
25,dominate,지배하다
25,vehicle,탈것
25,complain,불평하다
25,brochure,브로셔
25,force,"힘, 강요하다"
25,nest,둥지
25,gain,얻다
25,curriculum,교육 과정
25,sew,바느질하다
25,masculine,남자의
25,frown,"눈살을 찌푸리다, 찡그린 얼굴"
25,astound,놀라게 하다
25,dictator,독재자
25,assessment,평가
25,crucial,"중대한, 결정적인"
25,paralysis,마비
25,deck,(배의) 갑판
25,cheer,"환호, 환호하다"
25,miserable,비참한
25,tease,괴롭히다
25,aggressive,공격적인
25,cure,"치료하다, 치료"
25,attribute,"~의 결과로 여기다, 속성"
25,foster,육성하다
25,phychologist,심리학자
25,postpone,연기하다
25,rob,"강탈하다, 훔치다"
25,abuse,"남용하다, 학대하다, 남용, 학대"
25,unemployed,실업의
25,breakdown,"고장, 쇠약"
25,disguise,"숨기다, 변장"
25,blueprint,청사진
25,rear,"뒤의, 뒤, 기르다"
25,output,생산량
25,sermon,설교
25,sprout,싹이 트다. 싹
25,tin,"주석, 양철"
26,reform,"개혁하다, 개혁,"
26,deal,"다루다, 거래"
26,recruit,"모집하다, 신병"
26,maintain,유지하다
26,workshop,"작업장, 워크숍"
26,patient,환자
26,convention,"총회, 관습"
26,devastate,황폐시키다
26,reap,수확하다
26,overlook,"간과하다, 내려다보다"
26,deliver,"배달하다, (연설을)하다"
26,reject,"거부하다, 거절하다"
26,nourish,"영양분을 주다, 기르다"
26,bay,만
26,stun,놀라게 하다
26,particular,특정한
26,bulletin,게시(물)
26,fluid,"유동성의, 유동체"
26,affair,"일, 사건"
26,dawn,"새벽, 시작, 날이 새다"
26,hostile,적대적인
26,characteristic,특징
26,respect,"존경하다, (법 등을) 준수하다, 존경, 측면"
26,await,기다리다
26,concrete,구체적인
26,lease,"임대하다, 임대차 계약"
26,racial,인종의
26,variable,"변수. 변하기 쉬운, 변덕스러운"
26,satisfy,만족시키다
26,rule,"규칙, 지배, 지배하다"
26,perseverance,인내심
26,fatal,치명적인
26,remove,"제거하다, 치우다"
26,invert,거꾸로 하다
26,tension,긴장
26,reign,"통치, 지배"
26,crack,"금이 가다, (갈라진 틈"
26,startle,깜짝 놀라게 하다
26,discourage,"낙담시키다, 말리다"
26,compensate,보상하다
27,convert,"전환시키다, 바꾸다"
27,strike,치다
27,suppress,"억압하다, 참다"
27,core,핵심(의)
27,contribute,공헌하다
27,spear,창
27,renowned,명성 있는
27,era,시대
27,withdraw,인출하다
27,immigrate,이주하다
27,dignity,존엄
27,notify,"통보하다, 알리다"
27,animate,살아 있는
27,prevent,"예방하다, 막다"
27,bilingual,2개 국어의
27,mischief,"장난, 해악"
27,discriminate,"차별하다, 구별하다"
27,exemplify,예시하다
27,adhere,고수하다
27,judge,판단하다
27,peculiar,독특한
27,sake,"위함, 목적"
27,choke,질식시키다
27,folktale,"민간 설화, 전설"
27,simultaneously,동시에
27,range,범위
27,groom,신랑
27,supernatural,초자연적인
27,tender,부드러운
27,instinct,본능
27,gigantic,거대한
27,meditate,명상하다
27,mow,(풀을) 베다
27,evolve,"진화하다, 발전하다"
27,chase,"추격하다, 쫓다"
27,afflict,괴롭히다
27,literate,읽고 쓸 수 있는
27,coherent,"통일성 있는, 조리 있는"
27,intolerable,참을 수 없는
27,fountain,분수
28,bold,"대담한, 선이 굵은"
28,compliment,"칭찬하다, 칭찬"
28,summit,정상
28,troop,"무리, 군대"
28,alter,"바꾸다, 변경하다"
28,conceive,생각해 내다
28,durability,내구성
28,destroy,파괴하다
28,shallow,"얕은, 피상적인"
28,face,"얼굴, 표면, 직면하다"
28,promote,승진시키다
28,weep,울다
28,grasp,붙잡다
28,overall,"전반적인, 전체의"
28,superstition,미신
28,colony,식민지
28,absurd,"불합리한, 우스꽝스러운"
28,dormitory,기숙사
28,conduct,"수행하다, 행위"
28,prone,~하는 경향이 있는
28,conceal,숨기다
28,retreat,"후퇴하다, 후퇴"
28,compulsive,"강제적인, 강박의"
28,clinic,"전문 병원, 개인 병원"
28,banner,현수막
28,formulate,"만들어내다, 공식화하다"
28,vow,맹세(하다)
28,malnutrition,영양실조
28,relate,관련시키다
28,undergo,겪다
28,boast,자랑하다
28,neutral,중립의
28,stain,얼룩
28,incentive,"장려책, 자극"
28,float,"뜨다, 떠다니다"
28,tendency,경향
28,applause,박수갈채
28,wrestle,"싸우다, 씨름하다"
28,sensation,"감각, 느낌"
28,Confucian,"공자의, 유교의"
29,diameter,지름
29,ultrasound,초음파
29,propriety,"적절성, 예의바름"
29,anecdote,일화
29,shrub,관목
29,pledge,"서약, 담보, 서약하다"
29,cost,"가격, 비용, (가격, 비용이) 들다"
29,geology,지질학
29,detect,"찾아내다, 감지하다"
29,temperate,"절제하는, (기후가) 온화한"
29,soar,"급등하다, 날아오르다"
29,mock,"놀리다, 조롱하다, 가짜의, 모조의"
29,disclose,"폭로하다, 드러내다"
29,exhibit,"전시하다, 전시품"
29,symptom,"증상, 증후"
29,manage,"경영하다, 관리하다, 간신히 해내다"
29,awkward,"어색한, 서투른, 다루기 힘든"
29,grind,갈다
29,expose,"노출시키다, 폭로하다"
29,closet,벽장
29,damp,축축한
29,script,대본
29,possibility,"가능성, 기회"
29,fad,(일시적인) 유행
29,sibling,"형제, 자매"
29,linger,"남아 있다, 어슬렁거리다"
29,flourish,"번성하다, 건강하다"
29,discharge,"해고하다, 방출하다, 방면하다, 해고, 방출, 면제"
29,thorough,철저한
29,undertake,"착수하다, 약속하다"
29,cord,"끈, 전기코드, (직물)코르덴 천, 코르덴 천으로 만들어진"
29,linguistic,"언어의, 언어학의"
29,remedy,치료
29,sole,"유일한, 단독의"
29,sophomore,"(고교, 대학의) 2학년생"
29,panel,판
29,suitor,"소송인, 구혼자"
29,pillar,기둥
29,explode,폭발하다
29,illusion,"착각, 환각"
30,draft,"초고, 초안, 초안을 그리다"
30,crude,"조잡한, 있는 그대로의"
30,supplement,"보완하다, 보완, 보충"
30,velocity,속도
30,tame,"길들이다, 길들여진"
30,molecule,분자
30,reed,"갈대, 갈대의"
30,dismay,"실망, 크게 실망시키다"
30,diagnose,진단하다
30,versus,~와 대비하여
30,reservoir,저수지
30,conform,"따르다, 순응하다"
30,spacious,"넓은, 훤히 트인"
30,weave,"(천을) 짜다, 짜기"
30,ceremony,"의식, 식"
30,motive,"동기, 이유"
30,prominent,두드러진
30,archaeology,고고학
30,rigid,"엄격한, 굳은"
30,inferior,"열등한, 질 낮은"
30,subtract,빼다
30,impulse,"충동, 욕구, 추진력"
30,utmost,"최대한의 , 최대한도"
30,proficient,숙달된
30,accumulate,"모으다, 축적하다"
30,navigate,"길을 찾다, 항해하다"
30,equity,"자기자본, 공평"
30,violate,"위반하다, 침해하다"
30,ambitious,야망을 가진
30,intact,"온전한, 손상되지 않은"
30,plea,"애원, 탄원"
30,attend,"참석하다, 유의하다, 돌보다"
30,trim,"다듬다, 잘 정돈된, 정돈"
30,embody,"구체화하다, 포함하다"
30,characteristic,"특징, 특성, 특유의"
30,consist,~로 구성되다
30,boundary,"경계, 한계"
30,attack,"공격하다, 공격"
30,confine,"제한하다, 가두다"
30,dispatch,"급파, 발송, 파견하다, 발송하다"
31,regret,"후회하다, 후회"
31,coffin,관
31,divine,신성한
31,revenue,수익
31,corrupt,"부패한, 타락한, 부패하다, 타락하다"
31,probe,"조사하다, 연구하다, 조사"
31,factual,실제의
31,swamp,"늪, 습지"
31,expedition,탐험
31,abnormal,"이상한, 비정상의"
31,storage,"저장소, 저장"
31,revive,되살아나다
31,stool,(등받이 없는) 의자
31,hinder,방해하다
31,flattery,아첨
31,virtue,미덕
31,deadline,"기한, 마감시간"
31,equator,n.적도
31,cognitive,인식의
31,motion,"운동, 동작, 동작을 해 보이다"
31,humble,"겸손한, 비천한"
31,bounce,"튀어 오르다, 깡충깡충 뛰다, (공이) 튀다"
31,imprison,투옥하다
31,enlist,모집하다
31,hygiene,"위생, 위생학"
31,upcoming,다가오는
31,trace,"자취, 흔적, 추적하다, 밝혀내다"
31,pulse,맥박
31,controversy,"논쟁, 언쟁, 논란"
31,locate,"(장소를) 찾아내다, -에 위치하다"
31,patent,"특허, 특허를 받은, 특허권을 얻다"
31,lyric,n.가사
31,convenience,"편의, 편리, 편의시설"
31,rush,"돌진하다, 급하게 가다, 돌진, 혼잡"
31,carbon,탄소
31,contaminate,"오염시키다, 더럽히다"
31,external,외부의
31,herd,"떼, 무리, 떼를 짓다"
31,allocate,"할당하다, 배분하다"
31,gorgeous,"아주 멋진, 화려한"
32,confess,고백하다
32,subjective,주관적인
32,hell,지옥
32,acknowledge,인정하다
32,accord,"일치하다, 조화하다, 일치, 합의"
32,immense,엄청난
32,extract,"추출하다, , 추출물"
32,sewage,"하수, 오물"
32,reconciliation,화해
32,amid,~의 한가운데
32,warrant,"보증서, 영장, 정당한 이유"
32,complement,보완하다
32,ceramic,"도자기, 요업"
32,license,"면허, 인가, 면허를 주다, 허가하다"
32,emerge,나타나다
32,halt,"정지시키다, 정지, 멈춤"
32,ivory,"상아, 상아색"
32,ponder,"곰곰이 생각하다, 심사숙고하다"
32,lottery,"복권, 추첨"
32,stroke,"타격, 뇌졸증"
32,burglar,강도
32,blame,"비난하다, ~을 탓하다, 비난"
32,transplant,이식하다
32,cluster,무리
32,borrow,빌리다
32,derive,"끌어내다, ~에서 비롯되다"
32,plague,"전염병, 괴롭히다"
32,certificate,증명서
32,deluxe,호화로운
32,convey,"나르다,전달하다, (생각, 감정을) 전하다"
32,depth,깊이
32,evaporate,증발하다
32,lame,"절름발이의, 설득력이 없는"
32,conduct,"실시하다, 수행하다, 행동하다, 행위"
32,sour,(맛이)신
32,repetitive,반복성의
32,oppress,n.억압하다
32,leftover,"남은 음식, 잔재"
32,embrace,"포옹하다, 껴안다, 수용하다"
32,blade,칼날
33,abundant,풍부한
33,duplicate,"똑같은, 복사하다, 사본"
33,remind,"상기시키다, 생각나게 하다"
33,altitude,고도
33,glimpse,"흘끗 보다, 흘끗 봄"
33,blend,섞다
33,swell,"부풀다,, 팽창"
33,grief,"비탄, 큰 슬픔"
33,beverage,음료수
33,warrior,"전사, 용사"
33,earn,"(평판을) 얻다, 벌다"
33,slice,"(얇게 썬)조각, 얇게 썰다"
33,exotic,이국적인
33,arrogant,"거만한, 건방진"
33,vanish,사라지다
33,rational,"이성적인, 합리적인"
33,predominant,"우세한, 두드러진"
33,cozy,"안락한, 아늑한"
33,broker,"중개인, 브로커, 중개하다"
33,auction,"경매, 경매로 팔다"
33,obsess,"v.사로잡다, 강박 관념을 갖다"
33,feed,"~에 밥을 주다, ~에 먹이를 주다"
33,outbreak,"(전쟁, 사고등의) 발발"
33,invent,발명하다
33,pioneer,"개척자, 개척하다"
33,assert,주장하다
33,undo,"(잠긴 것을) 풀다, 원상태로 돌리다"
33,bouquet,꽃다발
33,elaborate,정교한
33,toss,"던지다, 던지기"
33,retain,보유하다
33,radioactive,방사능의
33,buildup,축적
33,machinery,기계
33,passerby,통행인
33,auditorium,강당
33,lay,"놓다, (알을) 낳다"
33,neglect,"무시하다, 소홀"
33,feedback,피드백
33,promote,"증진하다, 승진시키다"
34,impair,손상시키다
34,metaphor,은유
34,dispense,"분배하다, 나누어 주다"
34,bruise,"멍, 타박상"
34,attorney,"변호사, 대리인"
34,framework,"뼈대, 틀, 체제"
34,heredity,n.유전
34,naive,순진한
34,shed,"v.떨구다, 흘리다"
34,metropolitan,대도시의
34,shield,"방패, 보호하다"
34,induce,"유도하다, 설득하여 ~시키다"
34,bazaar,"시장, 바자"
34,expel,추방하다
34,plow,"쟁기, 갈다"
34,prolong,연장하다
34,fluent,유창한
34,margin,가장자리
34,ecology,"생태학, 생태"
34,interior,"내부, 내부의"
34,ornament,"장식, 장식하다"
34,separate,분리하다
34,ripe,익은
34,vibrate,"진동하다, 흔들다"
34,urgent,긴급한
34,speculate,"사색하다 ,투기하다"
34,epidemic,전염병
34,precede,~에 앞서다
34,breathtaking,숨막히는
34,portfolio,포트폴리오
34,beware,주의하다
34,handcuff,수갑
34,overturn,"전복시키다, 전복"
34,pregnant,임신한
34,intelligence,지능
34,adapt,적응시키다
34,settle,정착하다
34,assassinate,암살하다
34,vapor,증기
34,tuition,수업료
35,literature,문학
35,loop,"고리, 고리로 만들다"
35,quote,"인용하다, 인용구"
35,inhale,"들이쉬다, 흡입하다"
35,prospect,"전망, 가능성"
35,anchor,"닻,앵커"
35,reference,"참고, 언급"
35,compound,"혼합하다, 혼합물, 합성의"
35,withstand,"견디다, 버티다"
35,implement,"실행하다, 도구"
35,anonymous,익명의
35,collide,"충돌하다, 일치하지 않다"
35,memorial,기념물
35,vacant,"비어 있는, 빈자리의"
35,technical,기술의
35,summon,소환하다
35,orchard,과수원
35,proportion,"비율, 부분"
35,antibiotic,항생 물질
35,overtake,따라잡다
35,resemble,~와 닮다
35,wander,"(정처없이) 돌아다니다, 헤매다"
35,compassion,동정
35,preoccupation,"몰두, 집착"
35,paste,"풀로 붙이다, 풀"
35,provoke,"선동하다, 자극하다"
35,wicked,"사악한, 심술궂은"
35,sprain,발목을 삐다
35,propaganda,선전
35,consistent,일관된
35,disrupt,붕과시키다
35,solitary,"혼자의, 고립된"
35,bury,(땅에)묻다
35,rust,"녹, 녹이 슬다, 부식하다"
35,discuss,토론하다
35,referee,심판
35,sector,"분야, 지역"
35,boost,"밀어올리다, 상승"
35,gymnastics,체조
35,gross,"총합의, 총합"
36,last,"마지막, 지난"
36,tariff,"관세, 운임표"
36,beloved,"총애받는, 사랑하는"
36,lyric,가사
36,yeast,"이스트, 효모"
36,skyscraper,고층건물
36,inquire,묻다
36,spade,"삽, 스페이드"
36,vacuum,"진공, 공백"
36,migrate,"이주하다, 이동하다"
36,spectacle,"구경거리, 장관"
36,surplus,"여분, 나머지, 나머지의"
36,simulate,"흉내내다, ~의 모의 실험을 하다"
36,integration,통합
36,hypothesis,"가설, 가정"
36,affirm,단언하다
36,fortress,요새
36,reed,갈대
36,cue,"신호, 단서, 신호를 주다"
36,mole,"반점, 두더지"
36,divide,나누다
36,inborn,타고난
36,overlap,"겹치다, 중복되다"
36,fatique,피곤
36,clone,"복제, 복제품, 복제하다"
36,peel,껍질을 벗기다
36,ease,"쉬움, 편안함, 편하게 하다, 완화하다"
36,overcome,극복하다
36,fund,자금
36,bias,"편견, 선입견"
36,vaccine,백신
36,tread,"밟다, 밟기"
36,vomit,"구토하다, 구토"
36,prophecy,예언
36,correspond,"일치하다, 해당하다, 편지를 주고받다"
36,cling,"꼭 붙잡다, 달라붙다"
36,mutation,"돌연변이, 변형"
36,obscure,"모호한, 잘 알려지지 않은, 모호하게 하다"
36,tyrant,폭군
36,odd,"이상한, 홀수의"
37,intriguing,아주 흥미로운
37,restrain,"억제하다, 제지하다"
37,bundle,묶음
37,enclose,"동봉하다, 둘러싸다"
37,insert,"삽입하다, 덧붙이다"
37,keen,"예민한, ~을열망하는"
37,constrict,수축시키다
37,aid,"도움, 지원"
37,reputation,명성
37,measurement,측정
37,originate,유래하다
37,flour,밀가루
37,manipulate,"조작하다, 잘 다루다"
37,experiment,"실험, 실험하다"
37,patriot,애국자
37,interchange,교환하다
37,intuitive,"직감에 의한, 직관력 있는"
37,garment,의류
37,spontaneous,"자발적인, 즉흥적인"
37,vertical,"수직의, 세로의, 수직선"
37,testify,"증언하다, 증명하다"
37,mentor,조언자
37,vivid,"생생한, 선명한"
37,pasture,초원
37,crust,"(빵, 파이의)껍질, 딱딱한 표면"
37,comprehend,"이해하다, 파악하다"
37,plunge,"뛰어들다, 급락하다"
37,nasty,"더러운, 비열한"
37,appreciate,"진가를 알아보다, 고맙게 여기다, 감상하다"
37,emigrate,이민을 가다
37,deed,"행동, 공적"
37,skinny,"깡마른, 옷이 몸에 딱 붙는"
37,grill,"그릴, 석쇠, 그릴에 굽다"
37,canal,"운하, 수로"
37,curse,저주
37,adverse,"불리한, 반대의"
37,censorship,검열관
37,forehead,이마
37,appetite,"식욕, 욕망"
37,flaw,"결함, 결점"
38,outgoing,"외향적인, 사교적인"
38,verbal,"말의, 구두의"
38,liberate,해방시키다
38,segregation,"인종 차별, 차별정책, 분리"
38,advance,"전진하다, 진보하다, 발전, 전진, 진보"
38,contemplate,"~을 숙고하다, 심사숙고하다, 고려하다, 응시하다"
38,underlying,"기초를 이루는, 근본적인, 밑에 있는"
38,academic,"학문적인, 학구적인"
38,stem,"줄기, 생기다, 일어나다"
38, irrigation,관개
38,consecutive,"연이은, 연속적인"
38,superficial,"표면상의, 피상적인"
38,refuge,"피난처, 도피처, 보호구역"
38,swear,"맹세하다, 욕을 하다"
38,allergy,알레르기
38,norm,"표준, 규범"
38,endeavor,"노력하다, 시도하다, 노력, 시도"
38,erect,"똑바로 선, 세우다"
38,feminine,"여성의, 여성스러운"
38,drowsy,졸리는
38,inspect,"점검하다, 시찰하다"
38,carriage,"객차, 마차, 운반"
38,primitive,원시의
38,compress,"압축하다, 압박하다"
38,govern,"통치하다, 좌우하다"
38,cemetery,공동묘지
38,shatter,산산이 부서지다
38,exaggerate,과장하다
38,random,무작위의
38,feast,"잔치, 축제, 즐겁게 하다"
38,commemorate,기념하다
38,steep,"가파른, 비탈진, 몰두시키다, (액체에) 담그다"
38,multitask,다중작업을 하다
38,toxic,"유독한, 유독성의"
38,stare,응시하다
38,chronic,만성적인
38,designate,"지명하다, 지정하다"
38,dramatic,"극적인, 급격한, 감격적인"
38,intense,"강렬한, 극심한, 치열한"
38,propaganda,"선전 활동, 과장된 선전"
39,numerous,"다수의, 많은"
39,shiver,몸을 떨다떨림
39,retarded,(정서•지능•학력) 발달이 뒤진
39,ongoing,진행 중인진행
39,mention,"언급하다, 언급"
39,executive,"임원, 행정의, 관리의"
39,chaos,"혼돈, 혼란"
39,microscope,현미경
39,belonging,"소유물, 부속물"
39,vulnerable,"상처받기 쉬운, 취약한"
39,implication,"암시, 영향"
39,appetite,"식욕, 욕망"
39,authentic,"진정한, 진짜의"
39,compel,"강요하다, ~ 하게 만들다"
39,transition,"변화, 전환"
39,index,"(책 등의) 색인, 지표"
39,incline,"~쪽으로 기울다, 경사지다, 내키게 하다"
39,attain,"이루다, 달성하다"
39,innate,타고난
39,ingenuity,"기발한 재주, 독창성"
39,record,"기록, 증언, 기록하다, 녹음하다"
39,bias,"편견, 선입견"
39,seize,"붙잡다, 파악하다"
39,screw,나사나사로 고정하다
39,savage,"야만적인, 잔인한, 무참히 공격하다야만인"
39,province,"지역, 지방"
39,coordinate,"조직하다, 조정하다, 동등한"
39,deficient,"부족한, 불완전한"
39,privilege,"특권, 특권을 주다"
39,preview,"시사회, 시연, 미리보기"
39,equivalent,"동등한, ~에 상당하는, 동등한 것"
39,loom,어렴풋이 나타나다 베틀
39,purple,자주색의
39,outlaw,"범법자, 도망자금지하다, 법적으로 무효화하다"
39,squeeze,(즙 등을) 짜내다
39,breakthrough,"돌파구, 비약적 발전"
39,consent,"동의하다, 허락하다, 동의, 허락"
39,orphan,고아
39,negotiate,협상하다
39,nuisance,"골칫거리, 방해, 귀찮은 사람"
40,recipe,요리법
40,deceive,"속이다, 기만하다"
40,sweep,"쓸다, 휩쓸다"
40,profile,"옆모습, 윤곽, 인물 소개"
40,enterprise,"기업, 사업"
40,successive,연속적인
40,paradox,"역설, 모순되는 말"
40,surpass,능가하다
40,correlation,"상관 관계, 연관성"
40,magnitude,"중대성, 거대함"
40,aesthetic,"미의, 미학의"
40,earnest,"성실한, 진심어린"
40,tremble,"떨다, 흔들리다"
40,slaughter,"도살하다, 학살하다"
40,surrender,"항복하다, 양도하다, 항복, 양도"
40,philosophy,"철학, 인생관"
40,deplete,고갈시키다
40,admire,존경하다
40,deform,"불구로 만들다, <물리> 변형시키다"
40,thrill,"오싹하다 , 오싹함, 떨림"
40,afford,~할 여유가 있다
40,blunt,"무뚝뚝한, 직설적인"
40,sprint,전력 질주하다
40,aid,"도움, 지원"
40,tense,"긴장한, (문법) 시제긴장시키다"
40,amplify,"증폭시키다, 확대하다"
40,timber,목재
40,collaborate,협력하다
40,stance,"태도, 자세"
40,blow,"(입으로) 불다, (바람이) 불다"
40,ballot,투표투표하다
40,division,"분할, 분열, 나눗셈"
40,acquaintance,아는 사람
40,boil,"끓다, 삶다"
40,contradict,"모순되다, 반박하다, 부정하다"
40,burst,"터지다, 갑자기 나타나다, 파열, 폭발"
40,cast,"던지다, 배역을 정하다, (빛을) 발하다, 출연자, 깁스"
40,falsify,잘못을 입증하다
40,psychic,"초자연적인, 마음의"
40,paddle,"노, 노를 저어 나아가다"
41,steer,조종하다
41,affection,"애착, 애정"
41,bid,말하다
41,compost,"퇴비, 두엄, 퇴비를 만들다, 두엄을 끼얹다"
41,temperament,기질
41,rent,"임대료, 임대하다"
41,shred,조각조각으로 찢다
41,unpredictable,예측할 수 없는
41,tribute,경의의 표시
41,artery,동맥
41,inherent,내재하는
41,harass,희롱하다
41,narrative,"서술의, 이야기로 이루어진, 이야기"
41,assemble,"모으다, 조립하다"
41,spike,"못, 뾰족한것"
41,sneak,몰래 들어가다
41,sophisticated,"세련된, 정교한"
41,handle,"처리하다, 다루다"
41,enlightenment,깨달음
41,cosmetic,"화장품, 허울뿐인, 표면적인"
41,gracious,상냥한
41,aspire,열망하다
41,obstruct,"방해하다, 가로막다"
41,patrol,"순찰, 순찰병"
41,accelerate,"가속하다, 촉진하다"
41,heatstroke,일사병
41,oval,"타원형의, 타원형"
41,veteran,"베테랑, 참전용사"
41,trail,"흔적, 오솔길, 끌다, 추적하다"
41,vocation,"천직, 직업"
41,vegetarian,채식주의자
41,decode,해독하다
41,fellow,"친구, 동료, 동료의"
41,mandate,"권한, 명령, 권한을 부여하다, 명령하다"
41,perish,"소멸하다, 죽다"
41,inseparable,떼어낼 수 없는
41,domain,"영역, 도메인"
41,statesman,정치인
41,connotation,"함축, 내포"
41,stereotype,"인습, 고정관념"
42,hollow,속이 빈
42,structural,"구조상의, 구조적인"
42,mortgage,"담보, 저당잡히다"
42,inject,"주사하다, 주입하다"
42,crisis,위기
42,latter,"나중의, 후자의, (둘 중에서) 후자"
42,illuminate,계몽하다
42,mimic,흉내내다
42,unearth,발굴하다
42,wail,"울부짖다, 한탄하다"
42,shudder,"(공포, 추위로) 떨다, 떨림"
42,stride,성큼성큼 걷다
42,applicant,지원자
42,disprove,반증하다
42,distrub,방해하다
42,hemisphere,"(지구, 뇌의) 반구"
42,recur,재발하다
42,elastic,"탄력있는, 고무줄"
42,counterpart,대응 하는 것
42,stubborn,"완고한, 고집 센"
42,suicide,자살
42,lure,"유혹하다, 매력"
42,underprivileged,혜택받지 못한
42,morale,"사기, 의욕"
42,examine,"조사하다, 검사하다"
42,compromise,"타협하다, 타협"
42,foremost,주요한
42,precaution,"예방조치, 조심"
42,torture,"고문, 고문하다"
42,entrust,위임하다
42,sway,"흔들다, 동요시키다"
42,religious,"종교의, 신앙심이 깊은"
42,obligation,"의무, 책임"
42,pest,"해충, 유해동물"
42,subdue,완화하다
42,incorporate,통합하다
42,regime,"정권, 제도"
42,terminate,끝내다
42,rebel,반역을 일으키다
42,meanwhile,한편
43,folklore,민속
43,vast,방대한
43,preliminary,"예비의, 준비의, 예비 단계, 예선"
43,theft,절도
43,painkiller,진통제
43,amend,수정하다
43,recess,"휴식, 휴업"
43,exploit,이용하다
43,autonomy,"자율, 자치"
43,outfit,복장과 장비
43,mourn,애도하다
43,evoke,이끌어내다
43,burden,"부담, ~에게 부담을 지우다"
43,latitude,위도
43,patch,"조각, 작은 땅, 덧대다, 때우다"
43,maternal,모성의
43,pharmacy,"약국, 약학"
43,marine,"바다의, 해양의"
43,prestigious,명성이 있는
43,friction,"마찰, 충돌"
43,defend,방어하다
43,fraud,"사기, 사기꾼"
43,easygoing,태평스러운
43,insomnia,불면증
43,intermediate,"중급의, 중간의, 중급자"
43,transport,"수송하다, 수송"
43,paradigm,"패러다임, 사고체계"
43,charge,"요금, 책임, (요금을) 청구하다"
43,rapid,빠른
43,premature,조산한
43,pollute,오염시키다
43,altruism,이타주의
43,fiber,섬유질
43,irony,"아이러니, 비꼼, 반어법"
43,spectator,"관중, 구경꾼"
43,medieval,중세의
43,analogy,유사성
43,snatch,잡아채다
43,anthropology,인류학
43,outline,간략히 기술하다
44,slogan,"슬로건, 선전 문구"
44,composure,"침착, 평정"
44,incurable,"불치의, 구제 불능의, 불치 환자"
44,parallel,"평행의, 유사한, 평행선, 유사하다"
44,indulge,탐닉하다.충족시키다
44,meadow,"목초지, 초원"
44,venture,"모험하다, 모험"
44,deflect,"빗나가다, 빗나가게 하다, 막다"
44,adorable,"귀여운, 사랑스러운"
44,complacent,"(스스로) 만족해하는, 현실에 안주하는"
44,explicit,"명백한, 분명한"
44,sturdy,"견고한, 튼튼한"
44,primate,영장류
44,patron,"후원자, 단골 손님"
44,endure,"참다, 인내하다, 견디다"
44,manifest,"명백하게 하다, 증명하다, 명백한"
44,imperial,"제국의, 황제의"
44,duration,"지속, 지속 기간"
44,populate,거주시키다
44,frugal,"검소한, 절약하는"
44,registration,"기재, 등록"
44,rejoice,크게 기뻐하다
44,comprise,"포함하다, 구성하다"
44,textile,"직물의, 방직의, 직물"
44,lurk,"숨다, 잠복하다"
44,humanity,"인류, 인간성, 인간애"
44,approximate,"(수량 등이) ~에 가까워지다, 대략의"
44,revenge,"복수, 복수하다"
44,sarcastic,"비꼬는, 풍자적인"
44,terrain,"지형, 지역, 분야, 범위"
44,toll,"사용세, 통행료, 종소리, 요금으로 징수하다"
44,warfare,"전쟁, 전투, 교전 상태"
44,mortal,"죽을 운명의, 치명적인, 인간"
44,spouse,배우자
44,crispy,"바삭바삭한, 부서지기 쉬운"
44,statistical,"통계적인, 통계상의"
44,rubbish,"쓰레기, 폐기물, 혹평하다"
44,stimulus,"자극, 격려"
44,clumsy,"서투른, 어색한"
44,subsequent,"다음의, 그 이후의"
45,relevant,"관련된, 적절한"
45,predator,"포식자, 약탈자, 육식 동물"
45,drain,"물을 빼내다, 소모시키다, 배수관"
45,countless,"셀 수 없는, 무수한"
45,condense,"농축하다, 요약하다"
45,post,"(벽 따위에) 붙이다, 우편"
45,poise,"균형을 잡다, 균형, 평정"
45,disciple,"제자, 문하생"
45,gust,"돌풍, 질풍"
45,collective,"집합적인, 집단적인, 집단"
45,scope,"(관찰, 활동의) 범위, 시야, 조사하다"
45,compatible,"양립할 수 있는, 모순이 없는"
45,border,"경계, 가장자리, 국경, 인접하다"
45,frontier,"국경, 국경의, 최첨단의"
45,withhold,"억누르다, 억제하다, 보류하다"
45,verdict,"판결, 결정"
45,stall,"마구간, 우리, 핑계를 대다"
45,apparatus,"장치, 기구, 조직"
45,hail,"우박, 싸락눈, 우박이 내리다"
45,outburst,"폭발, 분출"
45,vanity,"허영심, 허무함"
45,firsthand,"직접의, 직접, 바로"
45,obesity,"비만, 비대"
45,dilemma,"진퇴양난, 딜레마, 궁지"
45,render,"~이 되게 하다, 주다, 제공하다"
45,indispensable,"필수 불가결한, 없어서는 안 될 것"
45,outdated,"구식의, 시대에 뒤진"
45,bother,"일부러~ 하다, 괴롭히다"
45,counteract,"(효력을) 중화시키다, 약화시키다"
45,static,"정적인, 고정된"
45,sustain,"유지하다, 지탱하다"
45,posture,"자세, 태도"
45,discourse,"담화, 강연"
45,bribe,"뇌물, 뇌물을 주다"
45,retention,"보유, 기억력"
45,valiant,"용감한, 용맹스런"
45,distress,"고민, 고통, ~을 괴롭히다"
45,nursery,"육아실, 탁아소"
45,juggle,"잘 처리하다, 저글링하다"
45,perspiration,"땀, 노력"
46,encircle,"에워싸다, 둘러싸다"
46,notion,"개념, 의견"
46,disgust,"혐오감, 역겹게 하다"
46,fragment,"일부분, 부서진 조각, 산산이 부서지다"
46,oversee,"감독하다, 감시하다"
46,creep,"기다, (덩굴 등이) 얽히다, 포복, 서행"
46,clarify,명백히 하다
46,contagious,"전염성의, 감염성의"
46,deterioration,"악화, (가치의) 하락, 저하"
46,currency,"통화, 통용"
46,janitor,"문지기, 관리인, (건물) 경비원"
46,blush,"얼굴을 붉히다, 부끄러워 하다"
46,intervene,"끼어들다, 개입하다, 방해하다"
46,nomad,"유목민, 방랑자"
46,cuisine,"요리, 요리법"
46,dare,감히 ~하다
46,solvent,"용해력이 있는, 지불 능력이 있는, 용제, 용액"
46,cultivate,"경작하다, 양성하다, 계발하다"
46,ascent,"상승, 오름"
46,advocate,"옹호자, 지지자, 지지하다"
46,spur,"자극, 고무, ~을 자극하다, (말에) 박차를 가하다"
46,discern,"식별하다, 분별하다, ~을 인식하다"
46,scheme,"계획, 체계, 계획하다"
46,weigh,무게를 달다
46,publicity,"널리 알려짐, 명성, 광고, 선전"
46,declare,"선언하다, (세관에) 신고하다"
46,brisk,"활발한, 번창하는, 상쾌한"
46,exile,"망명, 망명자, 망명시키다"
46,whisper,"속삭이다, 속삭임"
46,fling,"내던지다, 돌진하다"
46,deviation,"변경, 일탈"
46,dissolve,"용해하다, 해산하다, 해소하다"
46,constraint,"강제, 압박, 제약"
46,itch,"가려움, 가렵다, (~하고 싶어) 못 견디다"
46,unanimous,"만장일치의, 합의의"
46,delude,"속이다, 착각하게 하다"
46,dehydrate,"탈수하다, 건조시키다"
46,underneath,"~의 아래에, 밑에"
46,metabolism,"물질대사, 신진대사"
46,appoint,"임명, 하다, (시간, 장소를) 정하다"
47,pinch,"꼬집다, 집다, 죄다"
47,punctual,시간을 지키는
47,arbitrary,"임의적인, 독단적인"
47,catastrophe,"대참사, 재앙"
47,exert,"(힘, 영향력을) 가하다, 발휘하다"
47,aviate,"조종하다, 비행하다"
47,headquarters,"본사, 본부"
47,rectangular,"직사각형의, 직각의"
47,deledate,"파견하다, 사절, 대표"
47,elect,선출하다
47,thorn,가시
47,empathize,공감하다
47,expertise,전문 지식
47,renovate,"~을 새것으로 만들다, 수리하다"
47,wrench,"비틀다, 삐다 , 렌치, 쓰라림"
47,interval,"간격, 사이"
47,degrade,"저하시키다, 비하하다, 분해하다"
47,report,"보고서, 말대꾸, 보고하다, 발표하다"
47,asthma,천식
47,realm,"영역, 왕국"
47,segment,"부분, 조각"
47,coexist,공존하다
47,hospitality,"환대, 후한 대접"
47,estate,"재산, 토지"
47,displace,"옮겨 놓다, 대체하다"
47,cripple,"불구자, 지체 부자유자, ~을 불구로 만들다, 손상시키다"
47,drawback,"문제점, 결점, 장애"
47,tactics,"방안, 전술"
47,dread,"두려워하다, 무서워하다, 두려움, 공포"
47,dispute,"논쟁하다, 토의하다, 논쟁, 분쟁"
47,console,위로하다
47,stack,"더미, 산더미, 쌓아 올리다"
47,cynical,"냉소적인, 비관적인"
47,reprove,"꾸짖다, 책망하다"
47,verify,입증하다
47,engross,열중하게 하다
47,bulk,"크기, 부피, 대부분, 부피가 커지다, 덩어리가 되다"
47,despise,경멸하다
47,manuscript,"원고, 필사본"
47,flee,달아나다
48,prehistoric,선사시대의
48,barrel,"통, 배럴"
48,predecessor,"이전 형태, 전임자"
48,alienate,"소외시키다, 멀리하다"
48,preclaim,"선언하다, 선포하다"
48,subordinate,"하위의, 부차적인, 하급자, 하위에 두다"
48,furnish,"(가구를) 비치하다, 제공하다, 갖추다"
48,fume,"씩씩대다, 연기를 내뿜다, 연기"
48,staple,"주된, 주요한, 주성분"
48,dimension,"크기, 측면, 치수, 차원"
48,dispersal,"분산, 확산"
48,eloquent,"웅변의, 달변의, 연설을 잘 하는, 표현이 풍부한"
48,innermost,"가장 깊숙한, 가장 깊은 부분"
48,hazardous,"위험한, 해로운"
48,skull,두개골
48,detergent,세제
48,brutal,"야만적인, 잔혹한"
48,rash,"반점, 발진, 경솔한"
48,bypass,"우회로, 우회하다"
48,accommodate,"수용하다, 적응하다"
48,tact,"재치, 기지"
48,monotonous,"단조로운, 지루한"
48,perpetual,"영원한, 끊임없는"
48,eligible,"~을 할 수 있는, 유능한, 자격의, 자격이 있는"
48,legacy,"유물, 유산"
48,melancholy,"우울한, 우울함"
48,simplicity,"단순함, 간단"
48,hierarchy,"계층, 계급, 지배층, 체계"
48,reside,거주하다
48,enact,"제정하다, 상영하다"
48,burnout,"극도의 피로, 쇠진"
48,legitimate,"타당한, 합법적인, 정당한"
48,shuffle,"발을 끌며 걷다, 뒤섞다"
48,summarize,요약하다
48,eject,"쫓아내다, 튀어나오게 하다"
48,intersection,"교차로, 교차함"
48,quest,"탐색, 탐구, 추구, 찾음"
48,linear,"직선의, 길이의"
48,landslide,"산사태, (선거에서) 압도적 승리"
48,plausible,"그럴듯한, 이치에 맞는"
49,endow,"기부하다, ~에게 부여하다"
49,extrinsic,"외적인, 외부의"
49,merge,"합병하다, 차차 변하다"
49,frantic,"광란의, 미친"
49,moan,"신음, 투덜거림, 신음하다, 불평하다"
49,merchandise,"(집학적) 상품, 거래하다"
49,respectively,"각각, 저마다"
49,yearn,"그리워하다, 열망하다"
49,conviction,"확신, 유죄 판결"
49,stout,"뚱뚱한, (옷 등이) 튼튼한"
49,reckon,"세다, 계산하다, 생각하다"
49,enchant,"매혹하다, ~에게 마법을 걸다"
49,entail,"수반하다, 의미하다, 필요로 하다"
49,demolish,"파괴하다, 폐지하다"
49,degenerate,"퇴보하다, 타락하다"
49,sentiment,"감상, 정서"
49,offspring,"자식, 새끼, 성과"
49,detest,"혐오하다, 미워하다"
49,tackle,"(일, 문제를) 다루다, 처리하다, 도구, (축구의) 태클"
49,defy,"물리치다, (공공연히) 무시하다, 반항하다"
49,inference,추론
49,refraction,"(빛, 소리 따위의) 굴절"
49,dusk,"땅거미, 어스름"
49,detach,"떼어내다, 분리하다"
49,antagonist,"적대자, 라이벌"
49,thrust,"밀다, 밀치다, 찌르다"
49,creed,"신념, (종교의) 교의"
49,equate,"동일시하다, 일치하다"
49,misplace,잘못두다
49,auditory,"귀의, 청각의, 음향의"
49,missionary,선교사
49,cosmopolitan,"세계적인, 세계주의의, 세계인, 국제인"
49,secondhand,"중고의, 간접적인"
49,multiple,"복합적인, 다수의, 다양한, (수학) 배수"
49,embed,"깊숙이 박다, 깊이 간직하다, 내재하다"
49,propel,"나아가게 하다, 추진하다"
49,reptile,파충류
49,erosion,"부식, 침식"
49,feat,"위업, 공적, 솜씨"
49,utensil,"가정용품, 기구, 도구"
50,penetrate,"관통하다, 꿰뚫다, 침투하다"
50,intrude,"침범하다, 방해하다"
50,notable,"주목할 만한, 유명한"
50,grumble,"불평하다, 투덜거리다, 불평"
50,landfill,쓰레기 매립지
50,scrutiny,"(정밀) 조사, 철저한 검토"
50,reckless,"무모한, 부주의한, 신중하지 못한"
50,synthetic,"합성의, 종합적인"
50,productive,"생산하는, 생산적인"
50,outset,"착수, 발단, 시작, 처음"
50,peril,위험
50,pitfall,"위험, 함정"
50,kidnap,"납치하다, 유괴"
50,liable,"책임이 있는, ~하기 쉬운"
50,insane,"정신 이상의, 미친, 비상식적인"
50,rage,"격노, 격노하다"
50,radius,반지름
50,hybrid,"잡종, 혼합물"
50,uncover,"폭로하다, 덮개를 벗기다"
50,limb,"사지, 팔다리, 나뭇가지"
50,setback,"좌절, 차질, 방해, 실패"
50,prudent,신중한
50,solidify,"굳어지다, 굳히다, 확고히 하다"
50,grudge,"원한, 유감"
50,lessen,줄이다
50,tangle,"얽히게 하다, 혼란시키다"
50,subsidy,"보조금, 장려금"
50,ambiguous,"애매모호한, 불명확한"
50,enthusiasm,"열광, 열정, 열광하는 대상"
50,bankruptcy,파산
50,pollination,수분
50,prosper,"번영하다, 번창하다"
50,phase,단계
50,veterinarian,수의사
50,counterattack,"반격, 연습, 반격하다, 역습하다"
50,cumulative,누적되는
50,infrastructure,"(사회) 기반 시설, 하부 조직"
50,wound,"상처를 입히다, 부상하게 하다, 부상, 상처"
50,discrete,별개의
50,fluctuation,"변동, 동요"